1b9f90,172.26.0.1,GET,https://localhost:56247/,1693827308,1b9f90,200
d1025a,172.26.0.1,GET,https://localhost:56247/,1693827308,1b9f90,200
4c3491,172.26.0.1,GET,https://localhost:56247/,1693827308,1b9f90,200
b822f1,172.26.0.1,GET,https://localhost:56247/,1693827308,1b9f90,200
bc4a7e,172.26.0.1,GET,https://localhost:56247/,1693827309,1b9f90,200
198b67,172.26.0.1,GET,https://localhost:56247/,1693827309,1b9f90,200
fc1b50,172.26.0.1,GET,https://localhost:56247/,1693827309,1b9f90,200
24b48a,172.26.0.1,GET,https://localhost:56247/themes/custom/react_hello/logo.svg,1693827309,24b48a,200
60493c,172.26.0.1,GET,https://localhost:56247/themes/custom/react_hello/logo.svg,1693827309,60493c,404
0d6c1c,172.26.0.1,GET,https://localhost:56247/themes/custom/react_hello/logo.svg,1693827309,60493c,200
de34d8,172.26.0.1,GET,https://localhost:56247/themes/custom/react_hello/logo.svg,1693827309,60493c,200
335e59,172.26.0.1,GET,https://localhost:56247/themes/custom/react_hello/logo.svg,1693827309,60493c,200
3f4758,172.26.0.1,GET,https://localhost:56247/themes/custom/react_hello/logo.svg,1693827309,60493c,200
1a4d78,172.26.0.1,GET,https://localhost:56247/themes/custom/react_hello/logo.svg,1693827309,60493c,200
e4d867,172.26.0.1,GET,https://localhost:56247/themes/custom/react_hello/logo.svg,1693827309,60493c,200
793a7d,172.26.0.1,GET,https://localhost:56247/themes/custom/react_hello/logo.svg,1693827561,793a7d,200
e41362,172.26.0.1,GET,https://localhost:56247/themes/custom/react_hello/logo.svg,1693827561,e41362,404
2c8919,172.26.0.1,GET,https://localhost:56247/themes/custom/react_hello/logo.svg,1693827561,e41362,200
666807,172.26.0.1,GET,https://localhost:56247/themes/custom/react_hello/logo.svg,1693827561,e41362,200
d0dc95,172.26.0.1,GET,https://localhost:56247/themes/custom/react_hello/logo.svg,1693827561,e41362,200
4c7603,172.26.0.1,GET,https://localhost:56247/themes/custom/react_hello/logo.svg,1693827561,e41362,200
437060,172.26.0.1,GET,https://localhost:56247/themes/custom/react_hello/logo.svg,1693827561,e41362,200
ae6f93,172.26.0.1,GET,https://localhost:56247/themes/custom/react_hello/logo.svg,1693827562,e41362,200
7dd733,172.26.0.1,GET,https://localhost:56247/php8-released,1693827561,7dd733,200
8cf8d4,172.26.0.1,GET,https://localhost:56247/php8-released,1693827561,7dd733,200
d341d3,172.26.0.1,GET,https://localhost:56247/php8-released,1693827561,7dd733,200
b2af3f,172.26.0.1,GET,https://localhost:56247/php8-released,1693827561,7dd733,200
3646c4,172.26.0.1,GET,https://localhost:56247/php8-released,1693827561,7dd733,200
86764b,172.26.0.1,GET,https://localhost:56247/php8-released,1693827561,7dd733,200
5b180a,172.26.0.1,GET,https://localhost:56247/php8-released,1693827563,7dd733,200
241480,172.26.0.1,GET,https://localhost:56247/php8-released,1693827563,7dd733,200
811159,172.26.0.1,POST,https://localhost:56247/history/2/read,1693827564,811159,200
3be5c6,172.26.0.1,GET,https://localhost:56247/php8-released,1693827570,3be5c6,200
b6cb2c,172.26.0.1,GET,https://localhost:56247/php8-released,1693827570,3be5c6,200
fcd6ea,172.26.0.1,GET,https://localhost:56247/php8-released,1693827570,3be5c6,200
f1f396,172.26.0.1,GET,https://localhost:56247/themes/custom/react_hello/logo.svg,1693827570,f1f396,200
ef6884,172.26.0.1,GET,https://localhost:56247/php8-released,1693827570,3be5c6,200
c6fb97,172.26.0.1,GET,https://localhost:56247/themes/custom/react_hello/logo.svg,1693827570,c6fb97,404
92a287,172.26.0.1,GET,https://localhost:56247/themes/custom/react_hello/logo.svg,1693827570,c6fb97,200
a437cc,172.26.0.1,GET,https://localhost:56247/php8-released,1693827570,3be5c6,200
4699d6,172.26.0.1,GET,https://localhost:56247/php8-released,1693827571,3be5c6,200
840455,172.26.0.1,GET,https://localhost:56247/themes/custom/react_hello/logo.svg,1693827571,c6fb97,200
83fb58,172.26.0.1,GET,https://localhost:56247/themes/custom/react_hello/logo.svg,1693827571,c6fb97,200
cffe4b,172.26.0.1,GET,https://localhost:56247/php8-released,1693827571,3be5c6,200
413e5c,172.26.0.1,GET,https://localhost:56247/themes/custom/react_hello/logo.svg,1693827571,c6fb97,200
6ccde3,172.26.0.1,GET,https://localhost:56247/php8-released,1693827571,3be5c6,200
246030,172.26.0.1,GET,https://localhost:56247/themes/custom/react_hello/logo.svg,1693827571,c6fb97,200
f77ecf,172.26.0.1,GET,https://localhost:56247/themes/custom/react_hello/logo.svg,1693827571,c6fb97,200
16bc4f,172.26.0.1,POST,https://localhost:56247/history/2/read,1693827571,16bc4f,200
f04a99,172.26.0.1,GET,https://localhost:56247/contact,1693827586,f04a99,200
587cac,172.26.0.1,GET,https://localhost:56247/contact,1693827586,f04a99,200
54a7b9,172.26.0.1,GET,https://localhost:56247/contact,1693827586,f04a99,200
8ad6de,172.26.0.1,GET,https://localhost:56247/themes/custom/react_hello/logo.svg,1693827586,8ad6de,200
eef619,172.26.0.1,GET,https://localhost:56247/contact,1693827586,f04a99,200
c5753c,172.26.0.1,GET,https://localhost:56247/themes/custom/react_hello/logo.svg,1693827586,c5753c,404
d1a1fb,172.26.0.1,GET,https://localhost:56247/contact,1693827586,f04a99,200
9af17e,172.26.0.1,GET,https://localhost:56247/themes/custom/react_hello/logo.svg,1693827586,c5753c,200
2e9401,172.26.0.1,GET,https://localhost:56247/contact,1693827586,f04a99,200
78d2b9,172.26.0.1,GET,https://localhost:56247/themes/custom/react_hello/logo.svg,1693827586,c5753c,200
e105ab,172.26.0.1,GET,https://localhost:56247/contact,1693827586,f04a99,200
080fbf,172.26.0.1,GET,https://localhost:56247/themes/custom/react_hello/logo.svg,1693827586,c5753c,200
4a0dea,172.26.0.1,GET,https://localhost:56247/themes/custom/react_hello/logo.svg,1693827586,c5753c,200
3bc813,172.26.0.1,GET,https://localhost:56247/contact,1693827586,f04a99,200
e86a87,172.26.0.1,GET,https://localhost:56247/themes/custom/react_hello/logo.svg,1693827586,c5753c,200
8ebca0,172.26.0.1,GET,https://localhost:56247/contact,1693827586,f04a99,200
dcdedc,172.26.0.1,GET,https://localhost:56247/themes/custom/react_hello/logo.svg,1693827587,c5753c,200
db7423,172.26.0.1,GET,https://localhost:56247/contact,1693827587,f04a99,200
8aeaa6,172.26.0.1,GET,https://localhost:56247/about-us,1693827589,8aeaa6,200
984a41,172.26.0.1,GET,https://localhost:56247/about-us,1693827589,8aeaa6,200
30d3d2,172.26.0.1,GET,https://localhost:56247/about-us,1693827589,8aeaa6,200
4f6798,172.26.0.1,GET,https://localhost:56247/about-us,1693827589,8aeaa6,200
e4c641,172.26.0.1,GET,https://localhost:56247/about-us,1693827589,8aeaa6,200
876ab6,172.26.0.1,GET,https://localhost:56247/themes/custom/react_hello/logo.svg,1693827589,876ab6,200
1184ff,172.26.0.1,GET,https://localhost:56247/about-us,1693827589,8aeaa6,200
ccf559,172.26.0.1,GET,https://localhost:56247/themes/custom/react_hello/logo.svg,1693827589,ccf559,404
bc6eda,172.26.0.1,GET,https://localhost:56247/about-us,1693827589,8aeaa6,200
8c9eb2,172.26.0.1,GET,https://localhost:56247/themes/custom/react_hello/logo.svg,1693827589,ccf559,200
934d07,172.26.0.1,GET,https://localhost:56247/themes/custom/react_hello/logo.svg,1693827589,ccf559,200
a5da93,172.26.0.1,GET,https://localhost:56247/themes/custom/react_hello/logo.svg,1693827589,ccf559,200
04e0c6,172.26.0.1,GET,https://localhost:56247/themes/custom/react_hello/logo.svg,1693827589,ccf559,200
569e8d,172.26.0.1,GET,https://localhost:56247/themes/custom/react_hello/logo.svg,1693827589,ccf559,200
f3cb48,172.26.0.1,GET,https://localhost:56247/themes/custom/react_hello/logo.svg,1693827589,ccf559,200
038b2c,172.26.0.1,POST,https://localhost:56247/history/1/read,1693827589,038b2c,200
94a6fe,172.26.0.1,GET,https://localhost:56247/php8-released,1693827591,94a6fe,200
1830fa,172.26.0.1,GET,https://localhost:56247/php8-released,1693827591,94a6fe,200
2da5ac,172.26.0.1,GET,https://localhost:56247/php8-released,1693827591,94a6fe,200
0f6ad5,172.26.0.1,GET,https://localhost:56247/themes/custom/react_hello/logo.svg,1693827591,0f6ad5,200
40bcec,172.26.0.1,GET,https://localhost:56247/php8-released,1693827591,94a6fe,200
9fda1d,172.26.0.1,GET,https://localhost:56247/themes/custom/react_hello/logo.svg,1693827591,9fda1d,404
aedfef,172.26.0.1,GET,https://localhost:56247/php8-released,1693827591,94a6fe,200
5c9e55,172.26.0.1,GET,https://localhost:56247/themes/custom/react_hello/logo.svg,1693827591,9fda1d,200
3df6e6,172.26.0.1,GET,https://localhost:56247/php8-released,1693827591,94a6fe,200
765626,172.26.0.1,GET,https://localhost:56247/themes/custom/react_hello/logo.svg,1693827591,9fda1d,200
24687e,172.26.0.1,GET,https://localhost:56247/themes/custom/react_hello/logo.svg,1693827591,9fda1d,200
75a74d,172.26.0.1,GET,https://localhost:56247/php8-released,1693827591,94a6fe,200
2d583b,172.26.0.1,GET,https://localhost:56247/themes/custom/react_hello/logo.svg,1693827591,9fda1d,200
f782c5,172.26.0.1,GET,https://localhost:56247/php8-released,1693827591,94a6fe,200
fdd73f,172.26.0.1,GET,https://localhost:56247/themes/custom/react_hello/logo.svg,1693827591,9fda1d,200
3628c3,172.26.0.1,GET,https://localhost:56247/themes/custom/react_hello/logo.svg,1693827591,9fda1d,200
e1b5fe,172.26.0.1,POST,https://localhost:56247/history/2/read,1693827591,e1b5fe,200
38ac1e,172.26.0.1,GET,https://localhost:56247/faq,1693827593,38ac1e,200
6a7df1,172.26.0.1,GET,https://localhost:56247/faq,1693827593,38ac1e,200
4428b3,172.26.0.1,GET,https://localhost:56247/faq,1693827593,38ac1e,200
e0c315,172.26.0.1,GET,https://localhost:56247/faq,1693827593,38ac1e,200
4c0390,172.26.0.1,GET,https://localhost:56247/faq,1693827593,38ac1e,200
772b3d,172.26.0.1,GET,https://localhost:56247/themes/custom/react_hello/logo.svg,1693827593,772b3d,200
10961a,172.26.0.1,GET,https://localhost:56247/faq,1693827593,38ac1e,200
2a8151,172.26.0.1,GET,https://localhost:56247/themes/custom/react_hello/logo.svg,1693827593,2a8151,404
2b1aad,172.26.0.1,GET,https://localhost:56247/faq,1693827593,38ac1e,200
054e09,172.26.0.1,GET,https://localhost:56247/themes/custom/react_hello/logo.svg,1693827593,2a8151,200
4eea83,172.26.0.1,GET,https://localhost:56247/themes/custom/react_hello/logo.svg,1693827593,2a8151,200
25e6b0,172.26.0.1,GET,https://localhost:56247/themes/custom/react_hello/logo.svg,1693827593,2a8151,200
d02f7b,172.26.0.1,GET,https://localhost:56247/themes/custom/react_hello/logo.svg,1693827593,2a8151,200
805337,172.26.0.1,GET,https://localhost:56247/themes/custom/react_hello/logo.svg,1693827593,2a8151,200
7e7413,172.26.0.1,GET,https://localhost:56247/themes/custom/react_hello/logo.svg,1693827593,2a8151,200
d8ead3,172.26.0.1,POST,https://localhost:56247/history/56/read,1693827594,d8ead3,200
562178,172.26.0.1,GET,https://localhost:56247/php8-released,1693827595,562178,200
9e3539,172.26.0.1,GET,https://localhost:56247/php8-released,1693827595,562178,200
496d34,172.26.0.1,GET,https://localhost:56247/php8-released,1693827595,562178,200
ce01ec,172.26.0.1,GET,https://localhost:56247/themes/custom/react_hello/logo.svg,1693827595,ce01ec,200
2d4f46,172.26.0.1,GET,https://localhost:56247/php8-released,1693827595,562178,200
0df3a5,172.26.0.1,GET,https://localhost:56247/themes/custom/react_hello/logo.svg,1693827595,0df3a5,404
6c2e72,172.26.0.1,GET,https://localhost:56247/php8-released,1693827595,562178,200
06338a,172.26.0.1,GET,https://localhost:56247/php8-released,1693827595,562178,200
1cb810,172.26.0.1,GET,https://localhost:56247/themes/custom/react_hello/logo.svg,1693827595,0df3a5,200
68d4e6,172.26.0.1,GET,https://localhost:56247/themes/custom/react_hello/logo.svg,1693827595,0df3a5,200
9b2d16,172.26.0.1,GET,https://localhost:56247/php8-released,1693827595,562178,200
5a8048,172.26.0.1,GET,https://localhost:56247/php8-released,1693827596,562178,200
90ece1,172.26.0.1,GET,https://localhost:56247/themes/custom/react_hello/logo.svg,1693827595,0df3a5,200
dc5d78,172.26.0.1,GET,https://localhost:56247/themes/custom/react_hello/logo.svg,1693827595,0df3a5,200
68b312,172.26.0.1,GET,https://localhost:56247/themes/custom/react_hello/logo.svg,1693827596,0df3a5,200
455c9f,172.26.0.1,GET,https://localhost:56247/themes/custom/react_hello/logo.svg,1693827596,0df3a5,200
082e6c,172.26.0.1,POST,https://localhost:56247/history/2/read,1693827596,082e6c,200
721395,172.26.0.1,GET,https://localhost:56247/,1693827621,721395,200
9f2ca4,172.26.0.1,GET,https://localhost:56247/,1693827621,721395,200
fcd591,172.26.0.1,GET,https://localhost:56247/,1693827621,721395,200
605552,172.26.0.1,GET,https://localhost:56247/,1693827621,721395,200
fa2e47,172.26.0.1,GET,https://localhost:56247/,1693827621,721395,200
342561,172.26.0.1,GET,https://localhost:56247/,1693827621,721395,200
40ea3e,172.26.0.1,GET,https://localhost:56247/,1693827621,721395,200
15e042,172.26.0.1,GET,https://localhost:56247/themes/custom/react_hello/logo.svg,1693827621,15e042,200
ce9932,172.26.0.1,GET,https://localhost:56247/themes/custom/react_hello/logo.svg,1693827621,ce9932,404
62c252,172.26.0.1,GET,https://localhost:56247/themes/custom/react_hello/logo.svg,1693827621,ce9932,200
1d7cb4,172.26.0.1,GET,https://localhost:56247/themes/custom/react_hello/logo.svg,1693827621,ce9932,200
298538,172.26.0.1,GET,https://localhost:56247/themes/custom/react_hello/logo.svg,1693827621,ce9932,200
89c2e3,172.26.0.1,GET,https://localhost:56247/themes/custom/react_hello/logo.svg,1693827621,ce9932,200
c31ac7,172.26.0.1,GET,https://localhost:56247/themes/custom/react_hello/logo.svg,1693827621,ce9932,200
165160,172.26.0.1,GET,https://localhost:56247/themes/custom/react_hello/logo.svg,1693827621,ce9932,200
2cefb7,172.26.0.1,GET,https://localhost:56247/admin/structure/block/manage/react_hello_site_branding?destination=%2Fnode,1693827637,2cefb7,200
ff5130,172.26.0.1,GET,https://localhost:56247/admin/structure/block/manage/react_hello_site_branding?destination=%2Fnode,1693827637,2cefb7,200
55c374,172.26.0.1,GET,https://localhost:56247/admin/structure/block/manage/react_hello_site_branding?destination=%2Fnode,1693827637,2cefb7,200
bfd234,172.26.0.1,GET,https://localhost:56247/admin/structure/block/manage/react_hello_site_branding?destination=%2Fnode,1693827637,2cefb7,200
bb2c9a,172.26.0.1,GET,https://localhost:56247/admin/structure/block/manage/react_hello_site_branding?destination=%2Fnode,1693827637,2cefb7,200
dd651f,172.26.0.1,GET,https://localhost:56247/admin/structure/block/manage/react_hello_site_branding?destination=%2Fnode,1693827637,2cefb7,200
41f568,172.26.0.1,GET,https://localhost:56247/admin/structure/block/manage/react_hello_site_branding?destination=%2Fnode,1693827637,2cefb7,200
3e0070,172.26.0.1,GET,https://localhost:56247/admin/structure/block/manage/react_hello_site_branding?destination=%2Fnode,1693827637,2cefb7,200
0119c9,172.26.0.1,GET,https://localhost:56247/admin/structure/block/manage/react_hello_site_branding?destination=%2Fnode,1693827637,2cefb7,200
542480,172.26.0.1,GET,https://localhost:56247/admin/structure/block/manage/react_hello_site_branding?destination=%2Fnode,1693827637,2cefb7,200
3a0255,172.26.0.1,GET,https://localhost:56247/admin/config/system/site-information,1693827644,3a0255,200
a09b71,172.26.0.1,GET,https://localhost:56247/admin/config/system/site-information,1693827645,3a0255,200
ff3526,172.26.0.1,GET,https://localhost:56247/admin/config/system/site-information,1693827645,3a0255,200
df625e,172.26.0.1,GET,https://localhost:56247/admin/config/system/site-information,1693827645,3a0255,200
db3d00,172.26.0.1,GET,https://localhost:56247/admin/config/system/site-information,1693827645,3a0255,200
e83cb9,172.26.0.1,GET,https://localhost:56247/admin/config/system/site-information,1693827645,3a0255,200
af93cc,172.26.0.1,GET,https://localhost:56247/admin/config/system/site-information,1693827645,3a0255,200
f755c5,172.26.0.1,GET,https://localhost:56247/admin/config/system/site-information,1693827645,3a0255,200
5150a4,172.26.0.1,GET,https://localhost:56247/admin/config/system/site-information,1693827645,3a0255,200
60ff1d,172.26.0.1,GET,https://localhost:56247/admin/config/system/site-information,1693827645,3a0255,200
a4998f,172.26.0.1,GET,https://localhost:56247/admin/structure,1693827660,a4998f,200
6a7313,172.26.0.1,GET,https://localhost:56247/admin/structure,1693827660,a4998f,200
049d92,172.26.0.1,GET,https://localhost:56247/admin/structure,1693827660,a4998f,200
069999,172.26.0.1,GET,https://localhost:56247/admin/structure,1693827660,a4998f,200
ddcdc0,172.26.0.1,GET,https://localhost:56247/admin/structure,1693827660,a4998f,200
833faa,172.26.0.1,GET,https://localhost:56247/admin/structure,1693827660,a4998f,200
f3623a,172.26.0.1,GET,https://localhost:56247/admin/structure,1693827660,a4998f,200
cca25f,172.26.0.1,GET,https://localhost:56247/admin/structure,1693827660,a4998f,200
610bce,172.26.0.1,GET,https://localhost:56247/admin/structure/block,1693827662,610bce,200
999160,172.26.0.1,GET,https://localhost:56247/admin/structure/block,1693827662,610bce,200
0d9cc0,172.26.0.1,GET,https://localhost:56247/admin/structure/block,1693827662,610bce,200
485fda,172.26.0.1,GET,https://localhost:56247/admin/structure/block,1693827662,610bce,200
009da9,172.26.0.1,GET,https://localhost:56247/admin/structure/block,1693827662,610bce,200
18bd74,172.26.0.1,GET,https://localhost:56247/admin/structure/block,1693827662,610bce,200
c4f0d5,172.26.0.1,GET,https://localhost:56247/admin/structure/block,1693827662,610bce,200
a5a75a,172.26.0.1,GET,https://localhost:56247/admin/structure/block,1693827662,610bce,200
2977fe,172.26.0.1,GET,https://localhost:56247/admin/structure/block,1693827662,610bce,200
45be84,172.26.0.1,GET,https://localhost:56247/admin/structure/block,1693827662,610bce,200
fec701,172.26.0.1,GET,https://localhost:56247/admin/structure/block,1693827662,610bce,200
bcfd06,172.26.0.1,GET,https://localhost:56247/admin/structure/block,1693827662,610bce,200
48ba33,172.26.0.1,GET,https://localhost:56247/admin/structure/block,1693827662,610bce,200
194c9b,172.26.0.1,GET,https://localhost:56247/admin/structure/block,1693827662,610bce,200
94343a,172.26.0.1,GET,https://localhost:56247/admin/structure/block,1693827662,610bce,200
1ee6e6,172.26.0.1,GET,https://localhost:56247/admin/structure/block,1693827662,610bce,200
97b03e,172.26.0.1,GET,https://localhost:56247/admin/structure/block,1693827663,610bce,200
80354d,172.26.0.1,GET,https://localhost:56247/admin/structure/block,1693827663,610bce,200
a725ee,172.26.0.1,GET,https://localhost:56247/admin/structure/block,1693827663,610bce,200
e2396c,172.26.0.1,GET,https://localhost:56247/admin/structure/block,1693827663,610bce,200
ef7cf0,172.26.0.1,GET,https://localhost:56247/admin/structure/block,1693827663,610bce,200
bacf87,172.26.0.1,GET,https://localhost:56247/admin/structure/block,1693827663,610bce,200
85edc9,172.26.0.1,GET,https://localhost:56247/admin/structure/block,1693827663,610bce,200
13d58a,172.26.0.1,GET,https://localhost:56247/admin/structure/block,1693827663,610bce,200
1e71d0,172.26.0.1,GET,https://localhost:56247/admin/structure/block,1693827663,610bce,200
b7401c,172.26.0.1,GET,https://localhost:56247/admin/structure/block,1693827663,610bce,200
008b44,172.26.0.1,GET,https://localhost:56247/admin/structure/block,1693827663,610bce,200
c22eb0,172.26.0.1,GET,https://localhost:56247/admin/structure/block,1693827663,610bce,200
c8c1a8,172.26.0.1,GET,https://localhost:56247/admin/structure/block/manage/react_hello_account_menu?destination=%2Fadmin%2Fstructure%2Fblock,1693827708,c8c1a8,200
7e499a,172.26.0.1,GET,https://localhost:56247/admin/structure/block/manage/react_hello_account_menu?destination=%2Fadmin%2Fstructure%2Fblock,1693827708,c8c1a8,200
90c52c,172.26.0.1,GET,https://localhost:56247/admin/structure/block/manage/react_hello_account_menu?destination=%2Fadmin%2Fstructure%2Fblock,1693827708,c8c1a8,200
c2e701,172.26.0.1,GET,https://localhost:56247/admin/structure/block/manage/react_hello_account_menu?destination=%2Fadmin%2Fstructure%2Fblock,1693827708,c8c1a8,200
2c2063,172.26.0.1,GET,https://localhost:56247/admin/structure/block/manage/react_hello_account_menu?destination=%2Fadmin%2Fstructure%2Fblock,1693827708,c8c1a8,200
7aa4a9,172.26.0.1,GET,https://localhost:56247/admin/structure/block/manage/react_hello_account_menu?destination=%2Fadmin%2Fstructure%2Fblock,1693827708,c8c1a8,200
30e420,172.26.0.1,GET,https://localhost:56247/admin/structure/block/manage/react_hello_account_menu?destination=%2Fadmin%2Fstructure%2Fblock,1693827708,c8c1a8,200
5a63ad,172.26.0.1,GET,https://localhost:56247/admin/structure/block/manage/react_hello_account_menu?destination=%2Fadmin%2Fstructure%2Fblock,1693827708,c8c1a8,200
f680af,172.26.0.1,GET,https://localhost:56247/admin/structure/block/manage/react_hello_account_menu?destination=%2Fadmin%2Fstructure%2Fblock,1693827708,c8c1a8,200
069125,172.26.0.1,GET,https://localhost:56247/admin/structure/block/manage/react_hello_account_menu?destination=%2Fadmin%2Fstructure%2Fblock,1693827708,c8c1a8,200
c8e077,172.26.0.1,POST,https://localhost:56247/admin/structure/block,1693827737,c8e077,303
d1211e,172.26.0.1,GET,https://localhost:56247/admin/structure/block,1693827737,d1211e,200
398d68,172.26.0.1,GET,https://localhost:56247/admin/structure/block,1693827737,d1211e,200
d410fa,172.26.0.1,GET,https://localhost:56247/admin/structure/block,1693827737,d1211e,200
db7415,172.26.0.1,GET,https://localhost:56247/admin/structure/block,1693827737,d1211e,200
1f809c,172.26.0.1,GET,https://localhost:56247/admin/structure/block,1693827737,d1211e,200
73db3c,172.26.0.1,GET,https://localhost:56247/admin/structure/block,1693827737,d1211e,200
0f24d9,172.26.0.1,GET,https://localhost:56247/admin/structure/block,1693827737,d1211e,200
37e686,172.26.0.1,GET,https://localhost:56247/admin/structure/block,1693827737,d1211e,200
60bc40,172.26.0.1,GET,https://localhost:56247/admin/structure/block,1693827737,d1211e,200
ed1981,172.26.0.1,GET,https://localhost:56247/admin/structure/block,1693827737,d1211e,200
56b6f6,172.26.0.1,GET,https://localhost:56247/admin/structure/block,1693827737,d1211e,200
b4f04b,172.26.0.1,GET,https://localhost:56247/admin/structure/block,1693827737,d1211e,200
ae8c5f,172.26.0.1,GET,https://localhost:56247/admin/structure/block,1693827737,d1211e,200
239a53,172.26.0.1,GET,https://localhost:56247/admin/structure/block,1693827737,d1211e,200
1c7f7b,172.26.0.1,GET,https://localhost:56247/admin/structure/block,1693827738,d1211e,200
697d52,172.26.0.1,GET,https://localhost:56247/admin/structure/block,1693827738,d1211e,200
8bf8e8,172.26.0.1,GET,https://localhost:56247/admin/structure/block,1693827738,d1211e,200
e060ce,172.26.0.1,GET,https://localhost:56247/admin/structure/block,1693827738,d1211e,200
0101af,172.26.0.1,GET,https://localhost:56247/admin/structure/block,1693827738,d1211e,200
f71303,172.26.0.1,GET,https://localhost:56247/admin/structure/block,1693827738,d1211e,200
3acfef,172.26.0.1,GET,https://localhost:56247/admin/structure/block,1693827738,d1211e,200
bd9882,172.26.0.1,GET,https://localhost:56247/admin/structure/block,1693827738,d1211e,200
0f7b44,172.26.0.1,GET,https://localhost:56247/admin/structure/block,1693827738,d1211e,200
d604f3,172.26.0.1,GET,https://localhost:56247/admin/structure/block,1693827738,d1211e,200
f5f0b6,172.26.0.1,GET,https://localhost:56247/admin/structure/block,1693827738,d1211e,200
a78d40,172.26.0.1,GET,https://localhost:56247/admin/structure/block,1693827738,d1211e,200
eee7b6,172.26.0.1,GET,https://localhost:56247/admin/structure/block,1693827738,d1211e,200
584f30,172.26.0.1,GET,https://localhost:56247/admin/structure/block,1693827738,d1211e,200
79bae5,172.26.0.1,GET,https://localhost:56247/,1693827740,79bae5,200
5c0dd8,172.26.0.1,GET,https://localhost:56247/,1693827740,79bae5,200
37939e,172.26.0.1,GET,https://localhost:56247/,1693827740,79bae5,200
077f9d,172.26.0.1,GET,https://localhost:56247/,1693827740,79bae5,200
8af936,172.26.0.1,GET,https://localhost:56247/,1693827740,79bae5,200
176640,172.26.0.1,GET,https://localhost:56247/,1693827740,79bae5,200
f5924f,172.26.0.1,GET,https://localhost:56247/,1693827741,79bae5,200
437015,172.26.0.1,GET,https://localhost:56247/themes/custom/react_hello/logo.svg,1693827740,437015,200
68096e,172.26.0.1,GET,https://localhost:56247/themes/custom/react_hello/logo.svg,1693827740,68096e,404
14f56d,172.26.0.1,GET,https://localhost:56247/themes/custom/react_hello/logo.svg,1693827740,68096e,200
d8b9c0,172.26.0.1,GET,https://localhost:56247/themes/custom/react_hello/logo.svg,1693827741,68096e,200
e9c170,172.26.0.1,GET,https://localhost:56247/themes/custom/react_hello/logo.svg,1693827741,68096e,200
ca751e,172.26.0.1,GET,https://localhost:56247/themes/custom/react_hello/logo.svg,1693827741,68096e,200
9ce5b2,172.26.0.1,GET,https://localhost:56247/themes/custom/react_hello/logo.svg,1693827741,68096e,200
dbf5db,172.26.0.1,GET,https://localhost:56247/themes/custom/react_hello/logo.svg,1693827741,68096e,200
42ba44,172.26.0.1,GET,https://localhost:56247/admin/structure,1693827747,42ba44,200
b643b3,172.26.0.1,GET,https://localhost:56247/admin/structure,1693827747,42ba44,200
2720dd,172.26.0.1,GET,https://localhost:56247/admin/structure,1693827747,42ba44,200
48e9ac,172.26.0.1,GET,https://localhost:56247/admin/structure,1693827747,42ba44,200
d5b4c8,172.26.0.1,GET,https://localhost:56247/admin/structure,1693827748,42ba44,200
33435d,172.26.0.1,GET,https://localhost:56247/admin/structure,1693827748,42ba44,200
596602,172.26.0.1,GET,https://localhost:56247/admin/structure,1693827748,42ba44,200
b4f6b4,172.26.0.1,GET,https://localhost:56247/admin/structure,1693827748,42ba44,200
219b3f,172.26.0.1,GET,https://localhost:56247/admin/structure/block,1693827749,219b3f,200
edaadf,172.26.0.1,GET,https://localhost:56247/admin/structure/block,1693827749,219b3f,200
e2bf9b,172.26.0.1,GET,https://localhost:56247/admin/structure/block,1693827749,219b3f,200
0a0d23,172.26.0.1,GET,https://localhost:56247/admin/structure/block,1693827749,219b3f,200
38b9f2,172.26.0.1,GET,https://localhost:56247/admin/structure/block,1693827749,219b3f,200
2cfe05,172.26.0.1,GET,https://localhost:56247/admin/structure/block,1693827749,219b3f,200
777bad,172.26.0.1,GET,https://localhost:56247/admin/structure/block,1693827749,219b3f,200
b4891c,172.26.0.1,GET,https://localhost:56247/admin/structure/block,1693827749,219b3f,200
7d8d2c,172.26.0.1,GET,https://localhost:56247/admin/structure/block,1693827749,219b3f,200
1a26bf,172.26.0.1,GET,https://localhost:56247/admin/structure/block,1693827749,219b3f,200
8af953,172.26.0.1,GET,https://localhost:56247/admin/structure/block,1693827749,219b3f,200
f9579c,172.26.0.1,GET,https://localhost:56247/admin/structure/block,1693827749,219b3f,200
bcc06d,172.26.0.1,GET,https://localhost:56247/admin/structure/block,1693827749,219b3f,200
b53584,172.26.0.1,GET,https://localhost:56247/admin/structure/block,1693827749,219b3f,200
e80ce3,172.26.0.1,GET,https://localhost:56247/admin/structure/block,1693827750,219b3f,200
a7226c,172.26.0.1,GET,https://localhost:56247/admin/structure/block,1693827750,219b3f,200
37ca6f,172.26.0.1,GET,https://localhost:56247/admin/structure/block,1693827750,219b3f,200
769f54,172.26.0.1,GET,https://localhost:56247/admin/structure/block,1693827750,219b3f,200
d8f21f,172.26.0.1,GET,https://localhost:56247/admin/structure/block,1693827750,219b3f,200
525be0,172.26.0.1,GET,https://localhost:56247/admin/structure/block,1693827750,219b3f,200
afc8e3,172.26.0.1,GET,https://localhost:56247/admin/structure/block,1693827750,219b3f,200
566cd0,172.26.0.1,GET,https://localhost:56247/admin/structure/block,1693827750,219b3f,200
c7b528,172.26.0.1,GET,https://localhost:56247/admin/structure/block,1693827750,219b3f,200
8c9106,172.26.0.1,GET,https://localhost:56247/admin/structure/block,1693827750,219b3f,200
fbc479,172.26.0.1,GET,https://localhost:56247/admin/structure/block,1693827750,219b3f,200
5e0d11,172.26.0.1,GET,https://localhost:56247/admin/structure/block,1693827750,219b3f,200
508496,172.26.0.1,GET,https://localhost:56247/admin/structure/block,1693827750,219b3f,200
0517cb,172.26.0.1,GET,https://localhost:56247/admin/structure/block,1693827750,219b3f,200
8d3363,172.26.0.1,POST,https://localhost:56247/admin/structure/block,1693827768,8d3363,303
b80b0d,172.26.0.1,GET,https://localhost:56247/admin/structure/block,1693827768,b80b0d,200
8c9368,172.26.0.1,GET,https://localhost:56247/admin/structure/block,1693827768,b80b0d,200
d3682e,172.26.0.1,GET,https://localhost:56247/admin/structure/block,1693827768,b80b0d,200
218094,172.26.0.1,GET,https://localhost:56247/admin/structure/block,1693827768,b80b0d,200
d44e97,172.26.0.1,GET,https://localhost:56247/admin/structure/block,1693827768,b80b0d,200
80016f,172.26.0.1,GET,https://localhost:56247/admin/structure/block,1693827768,b80b0d,200
06fbe8,172.26.0.1,GET,https://localhost:56247/admin/structure/block,1693827768,b80b0d,200
535604,172.26.0.1,GET,https://localhost:56247/admin/structure/block,1693827768,b80b0d,200
562888,172.26.0.1,GET,https://localhost:56247/admin/structure/block,1693827769,b80b0d,200
d3e10e,172.26.0.1,GET,https://localhost:56247/admin/structure/block,1693827769,b80b0d,200
ae4fb4,172.26.0.1,GET,https://localhost:56247/admin/structure/block,1693827769,b80b0d,200
01c752,172.26.0.1,GET,https://localhost:56247/admin/structure/block,1693827769,b80b0d,200
7b5bd7,172.26.0.1,GET,https://localhost:56247/admin/structure/block,1693827769,b80b0d,200
e8a2f4,172.26.0.1,GET,https://localhost:56247/admin/structure/block,1693827769,b80b0d,200
171c6b,172.26.0.1,GET,https://localhost:56247/admin/structure/block,1693827769,b80b0d,200
0ff449,172.26.0.1,GET,https://localhost:56247/admin/structure/block,1693827769,b80b0d,200
4d8234,172.26.0.1,GET,https://localhost:56247/admin/structure/block,1693827769,b80b0d,200
5fa651,172.26.0.1,GET,https://localhost:56247/admin/structure/block,1693827769,b80b0d,200
8b4e4b,172.26.0.1,GET,https://localhost:56247/admin/structure/block,1693827769,b80b0d,200
5557ed,172.26.0.1,GET,https://localhost:56247/admin/structure/block,1693827769,b80b0d,200
ceedd6,172.26.0.1,GET,https://localhost:56247/admin/structure/block,1693827769,b80b0d,200
b2ac2b,172.26.0.1,GET,https://localhost:56247/admin/structure/block,1693827769,b80b0d,200
ebdd0b,172.26.0.1,GET,https://localhost:56247/admin/structure/block,1693827769,b80b0d,200
053920,172.26.0.1,GET,https://localhost:56247/admin/structure/block,1693827769,b80b0d,200
0cfec3,172.26.0.1,GET,https://localhost:56247/admin/structure/block,1693827769,b80b0d,200
7f6b15,172.26.0.1,GET,https://localhost:56247/admin/structure/block,1693827769,b80b0d,200
6523b3,172.26.0.1,GET,https://localhost:56247/admin/structure/block,1693827769,b80b0d,200
783678,172.26.0.1,GET,https://localhost:56247/admin/structure/block,1693827769,b80b0d,200
a222c7,172.26.0.1,GET,https://localhost:56247/,1693827772,a222c7,200
b13eec,172.26.0.1,GET,https://localhost:56247/,1693827772,a222c7,200
3378cf,172.26.0.1,GET,https://localhost:56247/,1693827772,a222c7,200
2a0e11,172.26.0.1,GET,https://localhost:56247/,1693827772,a222c7,200
3e0c53,172.26.0.1,GET,https://localhost:56247/,1693827772,a222c7,200
48b963,172.26.0.1,GET,https://localhost:56247/,1693827772,a222c7,200
023f4c,172.26.0.1,GET,https://localhost:56247/,1693827772,a222c7,200
fd198b,172.26.0.1,GET,https://localhost:56247/themes/custom/react_hello/logo.svg,1693827772,fd198b,200
949603,172.26.0.1,GET,https://localhost:56247/themes/custom/react_hello/logo.svg,1693827772,949603,404
4c5c19,172.26.0.1,GET,https://localhost:56247/themes/custom/react_hello/logo.svg,1693827772,949603,200
f0ebbd,172.26.0.1,GET,https://localhost:56247/themes/custom/react_hello/logo.svg,1693827772,949603,200
7e1275,172.26.0.1,GET,https://localhost:56247/themes/custom/react_hello/logo.svg,1693827772,949603,200
71bf72,172.26.0.1,GET,https://localhost:56247/themes/custom/react_hello/logo.svg,1693827772,949603,200
ec3b34,172.26.0.1,GET,https://localhost:56247/themes/custom/react_hello/logo.svg,1693827772,949603,200
00e445,172.26.0.1,GET,https://localhost:56247/themes/custom/react_hello/logo.svg,1693827772,949603,200
2f6fa1,172.26.0.1,GET,https://localhost:56247/admin/structure,1693827777,2f6fa1,200
fd67bf,172.26.0.1,GET,https://localhost:56247/admin/structure,1693827777,2f6fa1,200
79c95f,172.26.0.1,GET,https://localhost:56247/admin/structure,1693827777,2f6fa1,200
03907c,172.26.0.1,GET,https://localhost:56247/admin/structure,1693827777,2f6fa1,200
5c9ef2,172.26.0.1,GET,https://localhost:56247/admin/structure,1693827777,2f6fa1,200
e12559,172.26.0.1,GET,https://localhost:56247/admin/structure,1693827777,2f6fa1,200
0a5eb5,172.26.0.1,GET,https://localhost:56247/admin/structure,1693827777,2f6fa1,200
91892a,172.26.0.1,GET,https://localhost:56247/admin/structure,1693827777,2f6fa1,200
9c0895,172.26.0.1,GET,https://localhost:56247/admin/structure/block,1693827778,9c0895,200
1b2aed,172.26.0.1,GET,https://localhost:56247/admin/structure/block,1693827778,9c0895,200
d8734b,172.26.0.1,GET,https://localhost:56247/admin/structure/block,1693827778,9c0895,200
40f6f5,172.26.0.1,GET,https://localhost:56247/admin/structure/block,1693827778,9c0895,200
dc6643,172.26.0.1,GET,https://localhost:56247/admin/structure/block,1693827778,9c0895,200
744a4d,172.26.0.1,GET,https://localhost:56247/admin/structure/block,1693827778,9c0895,200
ce520e,172.26.0.1,GET,https://localhost:56247/admin/structure/block,1693827778,9c0895,200
bbf365,172.26.0.1,GET,https://localhost:56247/admin/structure/block,1693827778,9c0895,200
e73c59,172.26.0.1,GET,https://localhost:56247/admin/structure/block,1693827778,9c0895,200
db7f05,172.26.0.1,GET,https://localhost:56247/admin/structure/block,1693827778,9c0895,200
c6f3c1,172.26.0.1,GET,https://localhost:56247/admin/structure/block,1693827778,9c0895,200
c9ba8b,172.26.0.1,GET,https://localhost:56247/admin/structure/block,1693827778,9c0895,200
b49f98,172.26.0.1,GET,https://localhost:56247/admin/structure/block,1693827778,9c0895,200
e46cd0,172.26.0.1,GET,https://localhost:56247/admin/structure/block,1693827779,9c0895,200
e26c8c,172.26.0.1,GET,https://localhost:56247/admin/structure/block,1693827779,9c0895,200
1237b1,172.26.0.1,GET,https://localhost:56247/admin/structure/block,1693827779,9c0895,200
ae2c13,172.26.0.1,GET,https://localhost:56247/admin/structure/block,1693827779,9c0895,200
fc8f8f,172.26.0.1,GET,https://localhost:56247/admin/structure/block,1693827779,9c0895,200
9e7a76,172.26.0.1,GET,https://localhost:56247/admin/structure/block,1693827779,9c0895,200
9d4418,172.26.0.1,GET,https://localhost:56247/admin/structure/block,1693827779,9c0895,200
be90ab,172.26.0.1,GET,https://localhost:56247/admin/structure/block,1693827779,9c0895,200
c76cec,172.26.0.1,GET,https://localhost:56247/admin/structure/block,1693827779,9c0895,200
d48680,172.26.0.1,GET,https://localhost:56247/admin/structure/block,1693827779,9c0895,200
c4d730,172.26.0.1,GET,https://localhost:56247/admin/structure/block,1693827779,9c0895,200
37089a,172.26.0.1,GET,https://localhost:56247/admin/structure/block,1693827779,9c0895,200
5cf0a2,172.26.0.1,GET,https://localhost:56247/admin/structure/block,1693827779,9c0895,200
148a67,172.26.0.1,GET,https://localhost:56247/admin/structure/block,1693827779,9c0895,200
e1ffc4,172.26.0.1,GET,https://localhost:56247/admin/structure/block,1693827779,9c0895,200
b23f3d,172.26.0.1,GET,https://localhost:56247/admin/structure/block/manage/react_hello_search_form_wide/disable?destination=%2Fadmin%2Fstructure%2Fblock&token=2Y4vdvM5YXkBFEXht5fe0s_fCbso-yEkxXYvYGRYn2U,1693827796,b23f3d,302
b659b2,172.26.0.1,GET,https://localhost:56247/admin/structure/block,1693827796,b659b2,200
bb313f,172.26.0.1,GET,https://localhost:56247/admin/structure/block,1693827796,b659b2,200
190dc7,172.26.0.1,GET,https://localhost:56247/admin/structure/block,1693827796,b659b2,200
e063f3,172.26.0.1,GET,https://localhost:56247/admin/structure/block,1693827796,b659b2,200
b74b30,172.26.0.1,GET,https://localhost:56247/admin/structure/block,1693827796,b659b2,200
8ea1b4,172.26.0.1,GET,https://localhost:56247/admin/structure/block,1693827796,b659b2,200
05164a,172.26.0.1,GET,https://localhost:56247/admin/structure/block,1693827796,b659b2,200
1ac97e,172.26.0.1,GET,https://localhost:56247/admin/structure/block,1693827796,b659b2,200
1ee846,172.26.0.1,GET,https://localhost:56247/admin/structure/block,1693827796,b659b2,200
4ea09d,172.26.0.1,GET,https://localhost:56247/admin/structure/block,1693827796,b659b2,200
f1a1a5,172.26.0.1,GET,https://localhost:56247/admin/structure/block,1693827796,b659b2,200
647f36,172.26.0.1,GET,https://localhost:56247/admin/structure/block,1693827796,b659b2,200
b36a5c,172.26.0.1,GET,https://localhost:56247/admin/structure/block,1693827796,b659b2,200
8bff36,172.26.0.1,GET,https://localhost:56247/admin/structure/block,1693827796,b659b2,200
6bc936,172.26.0.1,GET,https://localhost:56247/admin/structure/block,1693827796,b659b2,200
871b4c,172.26.0.1,GET,https://localhost:56247/admin/structure/block,1693827796,b659b2,200
99ed2a,172.26.0.1,GET,https://localhost:56247/admin/structure/block,1693827797,b659b2,200
8ec515,172.26.0.1,GET,https://localhost:56247/admin/structure/block,1693827797,b659b2,200
80f9c6,172.26.0.1,GET,https://localhost:56247/admin/structure/block,1693827797,b659b2,200
cdaf24,172.26.0.1,GET,https://localhost:56247/admin/structure/block,1693827797,b659b2,200
332dd8,172.26.0.1,GET,https://localhost:56247/admin/structure/block,1693827797,b659b2,200
4e3baa,172.26.0.1,GET,https://localhost:56247/admin/structure/block,1693827797,b659b2,200
b8f58b,172.26.0.1,GET,https://localhost:56247/admin/structure/block,1693827797,b659b2,200
54cb85,172.26.0.1,GET,https://localhost:56247/admin/structure/block,1693827797,b659b2,200
a4c3bd,172.26.0.1,GET,https://localhost:56247/admin/structure/block,1693827797,b659b2,200
aeaab5,172.26.0.1,GET,https://localhost:56247/admin/structure/block,1693827797,b659b2,200
8a70b0,172.26.0.1,GET,https://localhost:56247/admin/structure/block,1693827797,b659b2,200
0ca960,172.26.0.1,GET,https://localhost:56247/admin/structure/block,1693827797,b659b2,200
493bed,172.26.0.1,GET,https://localhost:56247/admin/structure/block/manage/react_hello_main_menu?destination=%2Fadmin%2Fstructure%2Fblock,1693827829,493bed,200
9c3b48,172.26.0.1,GET,https://localhost:56247/admin/structure/block/manage/react_hello_main_menu?destination=%2Fadmin%2Fstructure%2Fblock,1693827829,493bed,200
b2c8c7,172.26.0.1,GET,https://localhost:56247/admin/structure/block/manage/react_hello_main_menu?destination=%2Fadmin%2Fstructure%2Fblock,1693827829,493bed,200
58cb75,172.26.0.1,GET,https://localhost:56247/admin/structure/block/manage/react_hello_main_menu?destination=%2Fadmin%2Fstructure%2Fblock,1693827829,493bed,200
d68b83,172.26.0.1,GET,https://localhost:56247/admin/structure/block/manage/react_hello_main_menu?destination=%2Fadmin%2Fstructure%2Fblock,1693827829,493bed,200
1cd81a,172.26.0.1,GET,https://localhost:56247/admin/structure/block/manage/react_hello_main_menu?destination=%2Fadmin%2Fstructure%2Fblock,1693827829,493bed,200
5709e5,172.26.0.1,GET,https://localhost:56247/admin/structure/block/manage/react_hello_main_menu?destination=%2Fadmin%2Fstructure%2Fblock,1693827829,493bed,200
6cd3cf,172.26.0.1,GET,https://localhost:56247/admin/structure/block/manage/react_hello_main_menu?destination=%2Fadmin%2Fstructure%2Fblock,1693827829,493bed,200
fc75a0,172.26.0.1,GET,https://localhost:56247/admin/structure/block/manage/react_hello_main_menu?destination=%2Fadmin%2Fstructure%2Fblock,1693827829,493bed,200
1e0b35,172.26.0.1,GET,https://localhost:56247/admin/structure/block/manage/react_hello_main_menu?destination=%2Fadmin%2Fstructure%2Fblock,1693827829,493bed,200
2ffa71,172.26.0.1,GET,https://localhost:56247/,1693827840,2ffa71,200
b9efd3,172.26.0.1,GET,https://localhost:56247/,1693827840,2ffa71,200
45a5b7,172.26.0.1,GET,https://localhost:56247/,1693827840,2ffa71,200
129df8,172.26.0.1,GET,https://localhost:56247/,1693827840,2ffa71,200
20efad,172.26.0.1,GET,https://localhost:56247/,1693827840,2ffa71,200
1f2dd5,172.26.0.1,GET,https://localhost:56247/,1693827840,2ffa71,200
76c43a,172.26.0.1,GET,https://localhost:56247/,1693827840,2ffa71,200
c11c0a,172.26.0.1,GET,https://localhost:56247/themes/custom/react_hello/logo.svg,1693827840,c11c0a,200
2d0e4c,172.26.0.1,GET,https://localhost:56247/themes/custom/react_hello/logo.svg,1693827840,2d0e4c,404
b86d7a,172.26.0.1,GET,https://localhost:56247/themes/custom/react_hello/logo.svg,1693827840,2d0e4c,200
48e8b8,172.26.0.1,GET,https://localhost:56247/themes/custom/react_hello/logo.svg,1693827840,2d0e4c,200
1fd6c0,172.26.0.1,GET,https://localhost:56247/themes/custom/react_hello/logo.svg,1693827840,2d0e4c,200
ba997d,172.26.0.1,GET,https://localhost:56247/themes/custom/react_hello/logo.svg,1693827840,2d0e4c,200
6b2bc2,172.26.0.1,GET,https://localhost:56247/themes/custom/react_hello/logo.svg,1693827841,2d0e4c,200
c0e5b9,172.26.0.1,GET,https://localhost:56247/themes/custom/react_hello/logo.svg,1693827841,2d0e4c,200
5ed1ee,172.26.0.1,GET,https://localhost:56247/admin/structure,1693827847,5ed1ee,200
0875e0,172.26.0.1,GET,https://localhost:56247/admin/structure,1693827847,5ed1ee,200
7cc1e0,172.26.0.1,GET,https://localhost:56247/admin/structure,1693827847,5ed1ee,200
ac5160,172.26.0.1,GET,https://localhost:56247/admin/structure,1693827847,5ed1ee,200
b8f4b7,172.26.0.1,GET,https://localhost:56247/admin/structure,1693827847,5ed1ee,200
b97e24,172.26.0.1,GET,https://localhost:56247/admin/structure,1693827847,5ed1ee,200
0ac725,172.26.0.1,GET,https://localhost:56247/admin/structure,1693827847,5ed1ee,200
077b3d,172.26.0.1,GET,https://localhost:56247/admin/structure,1693827847,5ed1ee,200
c5e20e,172.26.0.1,GET,https://localhost:56247/admin/structure/menu,1693827856,c5e20e,200
8acdba,172.26.0.1,GET,https://localhost:56247/admin/structure/menu,1693827856,c5e20e,200
c54f45,172.26.0.1,GET,https://localhost:56247/admin/structure/menu,1693827856,c5e20e,200
07d152,172.26.0.1,GET,https://localhost:56247/admin/structure/menu,1693827856,c5e20e,200
ebb349,172.26.0.1,GET,https://localhost:56247/admin/structure/menu,1693827856,c5e20e,200
299802,172.26.0.1,GET,https://localhost:56247/admin/structure/menu,1693827856,c5e20e,200
c9667c,172.26.0.1,GET,https://localhost:56247/admin/structure/menu,1693827856,c5e20e,200
07e8b0,172.26.0.1,GET,https://localhost:56247/admin/structure/menu,1693827856,c5e20e,200
f987c6,172.26.0.1,GET,https://localhost:56247/admin/structure/menu/manage/main,1693827865,f987c6,200
6d2213,172.26.0.1,GET,https://localhost:56247/admin/structure/menu/manage/main,1693827865,f987c6,200
99b4a6,172.26.0.1,GET,https://localhost:56247/admin/structure/menu/manage/main,1693827865,f987c6,200
ec3143,172.26.0.1,GET,https://localhost:56247/admin/structure/menu/manage/main,1693827865,f987c6,200
5b3b77,172.26.0.1,GET,https://localhost:56247/admin/structure/menu/manage/main,1693827865,f987c6,200
00c886,172.26.0.1,GET,https://localhost:56247/admin/structure/menu/manage/main,1693827865,f987c6,200
d8934a,172.26.0.1,GET,https://localhost:56247/admin/structure/menu/manage/main,1693827865,f987c6,200
c62768,172.26.0.1,GET,https://localhost:56247/admin/structure/menu/manage/main,1693827865,f987c6,200
fcd77a,172.26.0.1,GET,https://localhost:56247/admin/structure/menu/manage/main,1693827865,f987c6,200
501067,172.26.0.1,GET,https://localhost:56247/admin/structure/menu/manage/main,1693827865,f987c6,200
69ee01,172.26.0.1,POST,https://localhost:56247/admin/structure/menu/manage/main,1693827875,69ee01,303
79035c,172.26.0.1,GET,https://localhost:56247/admin/structure/menu/manage/main,1693827876,79035c,200
f08e24,172.26.0.1,GET,https://localhost:56247/admin/structure/menu/manage/main,1693827876,79035c,200
c60e3c,172.26.0.1,GET,https://localhost:56247/admin/structure/menu/manage/main,1693827876,79035c,200
b37f5d,172.26.0.1,GET,https://localhost:56247/admin/structure/menu/manage/main,1693827876,79035c,200
b2a7d6,172.26.0.1,GET,https://localhost:56247/admin/structure/menu/manage/main,1693827876,79035c,200
f7ca54,172.26.0.1,GET,https://localhost:56247/admin/structure/menu/manage/main,1693827876,79035c,200
3ee7e6,172.26.0.1,GET,https://localhost:56247/admin/structure/menu/manage/main,1693827876,79035c,200
d38caa,172.26.0.1,GET,https://localhost:56247/admin/structure/menu/manage/main,1693827876,79035c,200
253b57,172.26.0.1,GET,https://localhost:56247/admin/structure/menu/manage/main,1693827876,79035c,200
83b8a4,172.26.0.1,GET,https://localhost:56247/admin/structure/menu/manage/main,1693827876,79035c,200
e8dff0,172.26.0.1,GET,https://localhost:56247/,1693827878,e8dff0,200
f2fc03,172.26.0.1,GET,https://localhost:56247/,1693827878,e8dff0,200
441df5,172.26.0.1,GET,https://localhost:56247/,1693827878,e8dff0,200
6f2905,172.26.0.1,GET,https://localhost:56247/,1693827878,e8dff0,200
97da2e,172.26.0.1,GET,https://localhost:56247/,1693827878,e8dff0,200
af69b6,172.26.0.1,GET,https://localhost:56247/,1693827878,e8dff0,200
c40d46,172.26.0.1,GET,https://localhost:56247/,1693827878,e8dff0,200
d86ce9,172.26.0.1,GET,https://localhost:56247/themes/custom/react_hello/logo.svg,1693827878,d86ce9,200
62a74b,172.26.0.1,GET,https://localhost:56247/themes/custom/react_hello/logo.svg,1693827878,62a74b,404
0d5c43,172.26.0.1,GET,https://localhost:56247/themes/custom/react_hello/logo.svg,1693827878,62a74b,200
7d2c24,172.26.0.1,GET,https://localhost:56247/themes/custom/react_hello/logo.svg,1693827878,62a74b,200
a566d2,172.26.0.1,GET,https://localhost:56247/themes/custom/react_hello/logo.svg,1693827878,62a74b,200
ea510d,172.26.0.1,GET,https://localhost:56247/themes/custom/react_hello/logo.svg,1693827878,62a74b,200
3d2eb2,172.26.0.1,GET,https://localhost:56247/themes/custom/react_hello/logo.svg,1693827879,62a74b,200
c65a48,172.26.0.1,GET,https://localhost:56247/themes/custom/react_hello/logo.svg,1693827879,62a74b,200
55cf36,172.26.0.1,GET,https://localhost:56247/admin/structure,1693827894,55cf36,200
a40717,172.26.0.1,GET,https://localhost:56247/admin/structure,1693827894,55cf36,200
14c0f8,172.26.0.1,GET,https://localhost:56247/admin/structure,1693827894,55cf36,200
54fc17,172.26.0.1,GET,https://localhost:56247/admin/structure,1693827894,55cf36,200
8794cf,172.26.0.1,GET,https://localhost:56247/admin/structure,1693827894,55cf36,200
8bb919,172.26.0.1,GET,https://localhost:56247/admin/structure,1693827894,55cf36,200
b206c2,172.26.0.1,GET,https://localhost:56247/admin/structure,1693827895,55cf36,200
cbae77,172.26.0.1,GET,https://localhost:56247/admin/structure,1693827895,55cf36,200
9fae50,172.26.0.1,GET,https://localhost:56247/admin/structure,1693827911,9fae50,200
0a4fa7,172.26.0.1,GET,https://localhost:56247/admin/structure,1693827911,9fae50,200
481bd9,172.26.0.1,GET,https://localhost:56247/admin/structure,1693827912,9fae50,200
c5b15b,172.26.0.1,GET,https://localhost:56247/admin/structure,1693827912,9fae50,200
bc35d8,172.26.0.1,GET,https://localhost:56247/admin/structure,1693827912,9fae50,200
61c075,172.26.0.1,GET,https://localhost:56247/admin/structure,1693827912,9fae50,200
04fd2d,172.26.0.1,GET,https://localhost:56247/admin/structure,1693827912,9fae50,200
dbbbed,172.26.0.1,GET,https://localhost:56247/admin/structure,1693827912,9fae50,200
68ba38,172.26.0.1,GET,https://localhost:56247/admin/structure/menu,1693827915,68ba38,200
7c208b,172.26.0.1,GET,https://localhost:56247/admin/structure/menu,1693827915,68ba38,200
6ae43b,172.26.0.1,GET,https://localhost:56247/admin/structure/menu,1693827915,68ba38,200
4d28ff,172.26.0.1,GET,https://localhost:56247/admin/structure/menu,1693827915,68ba38,200
1e2bdd,172.26.0.1,GET,https://localhost:56247/admin/structure/menu,1693827915,68ba38,200
7f7a79,172.26.0.1,GET,https://localhost:56247/admin/structure/menu,1693827915,68ba38,200
54b31a,172.26.0.1,GET,https://localhost:56247/admin/structure/menu,1693827915,68ba38,200
f3ff84,172.26.0.1,GET,https://localhost:56247/admin/structure/menu,1693827915,68ba38,200
a1c2b3,172.26.0.1,GET,https://localhost:56247/admin/structure/menu/manage/main,1693827919,a1c2b3,200
80a735,172.26.0.1,GET,https://localhost:56247/admin/structure/menu/manage/main,1693827919,a1c2b3,200
0c78ef,172.26.0.1,GET,https://localhost:56247/admin/structure/menu/manage/main,1693827919,a1c2b3,200
dc0d2e,172.26.0.1,GET,https://localhost:56247/admin/structure/menu/manage/main,1693827919,a1c2b3,200
63a657,172.26.0.1,GET,https://localhost:56247/admin/structure/menu/manage/main,1693827920,a1c2b3,200
83efca,172.26.0.1,GET,https://localhost:56247/admin/structure/menu/manage/main,1693827920,a1c2b3,200
321b60,172.26.0.1,GET,https://localhost:56247/admin/structure/menu/manage/main,1693827920,a1c2b3,200
9438b0,172.26.0.1,GET,https://localhost:56247/admin/structure/menu/manage/main,1693827920,a1c2b3,200
8756bd,172.26.0.1,GET,https://localhost:56247/admin/structure/menu/manage/main,1693827920,a1c2b3,200
519722,172.26.0.1,GET,https://localhost:56247/admin/structure/menu/manage/main,1693827920,a1c2b3,200
12ae24,172.26.0.1,POST,https://localhost:56247/admin/structure/menu/manage/main,1693827924,12ae24,303
61b1f0,172.26.0.1,GET,https://localhost:56247/admin/structure/menu/manage/main,1693827924,61b1f0,200
e4c8b4,172.26.0.1,GET,https://localhost:56247/admin/structure/menu/manage/main,1693827924,61b1f0,200
f9e26e,172.26.0.1,GET,https://localhost:56247/admin/structure/menu/manage/main,1693827924,61b1f0,200
9d62fe,172.26.0.1,GET,https://localhost:56247/admin/structure/menu/manage/main,1693827924,61b1f0,200
82dabb,172.26.0.1,GET,https://localhost:56247/admin/structure/menu/manage/main,1693827924,61b1f0,200
3c857f,172.26.0.1,GET,https://localhost:56247/admin/structure/menu/manage/main,1693827925,61b1f0,200
5a7c8c,172.26.0.1,GET,https://localhost:56247/admin/structure/menu/manage/main,1693827925,61b1f0,200
ce3082,172.26.0.1,GET,https://localhost:56247/admin/structure/menu/manage/main,1693827925,61b1f0,200
b11f49,172.26.0.1,GET,https://localhost:56247/admin/structure/menu/manage/main,1693827925,61b1f0,200
5ee96f,172.26.0.1,GET,https://localhost:56247/admin/structure/menu/manage/main,1693827925,61b1f0,200
1a88fa,172.26.0.1,GET,https://localhost:56247/admin/structure,1693827927,1a88fa,200
4db8ee,172.26.0.1,GET,https://localhost:56247/admin/structure,1693827927,1a88fa,200
7dbd5e,172.26.0.1,GET,https://localhost:56247/admin/structure,1693827927,1a88fa,200
77248e,172.26.0.1,GET,https://localhost:56247/admin/structure,1693827927,1a88fa,200
1d3b49,172.26.0.1,GET,https://localhost:56247/admin/structure,1693827927,1a88fa,200
f6013d,172.26.0.1,GET,https://localhost:56247/admin/structure,1693827927,1a88fa,200
1cc179,172.26.0.1,GET,https://localhost:56247/admin/structure,1693827928,1a88fa,200
cb9258,172.26.0.1,GET,https://localhost:56247/admin/structure,1693827928,1a88fa,200
041110,172.26.0.1,GET,https://localhost:56247/admin/structure/block,1693827929,041110,200
542814,172.26.0.1,GET,https://localhost:56247/admin/structure/block,1693827929,041110,200
3dcb1c,172.26.0.1,GET,https://localhost:56247/admin/structure/block,1693827929,041110,200
bebf2e,172.26.0.1,GET,https://localhost:56247/admin/structure/block,1693827929,041110,200
bd95e7,172.26.0.1,GET,https://localhost:56247/admin/structure/block,1693827929,041110,200
b19c86,172.26.0.1,GET,https://localhost:56247/admin/structure/block,1693827929,041110,200
bb135b,172.26.0.1,GET,https://localhost:56247/admin/structure/block,1693827929,041110,200
a787cf,172.26.0.1,GET,https://localhost:56247/admin/structure/block,1693827929,041110,200
ab83d0,172.26.0.1,GET,https://localhost:56247/admin/structure/block,1693827929,041110,200
32e0eb,172.26.0.1,GET,https://localhost:56247/admin/structure/block,1693827929,041110,200
c83638,172.26.0.1,GET,https://localhost:56247/admin/structure/block,1693827929,041110,200
a229ad,172.26.0.1,GET,https://localhost:56247/admin/structure/block,1693827930,041110,200
caca6c,172.26.0.1,GET,https://localhost:56247/admin/structure/block,1693827930,041110,200
9a5543,172.26.0.1,GET,https://localhost:56247/admin/structure/block,1693827930,041110,200
d271e0,172.26.0.1,GET,https://localhost:56247/admin/structure/block,1693827930,041110,200
6776a2,172.26.0.1,GET,https://localhost:56247/admin/structure/block,1693827930,041110,200
3610f3,172.26.0.1,GET,https://localhost:56247/admin/structure/block,1693827930,041110,200
ff1927,172.26.0.1,GET,https://localhost:56247/admin/structure/block,1693827930,041110,200
8884fd,172.26.0.1,GET,https://localhost:56247/admin/structure/block,1693827930,041110,200
4c965b,172.26.0.1,GET,https://localhost:56247/admin/structure/block,1693827930,041110,200
32b7b5,172.26.0.1,GET,https://localhost:56247/admin/structure/block,1693827930,041110,200
91993a,172.26.0.1,GET,https://localhost:56247/admin/structure/block,1693827930,041110,200
364581,172.26.0.1,GET,https://localhost:56247/admin/structure/block,1693827930,041110,200
ebf72b,172.26.0.1,GET,https://localhost:56247/admin/structure/block,1693827930,041110,200
fd227c,172.26.0.1,GET,https://localhost:56247/admin/structure/block,1693827930,041110,200
623614,172.26.0.1,GET,https://localhost:56247/admin/structure/block,1693827930,041110,200
183c93,172.26.0.1,GET,https://localhost:56247/admin/structure/block,1693827930,041110,200
e74f08,172.26.0.1,GET,https://localhost:56247/admin/structure/block,1693827930,041110,200
1b8270,172.26.0.1,GET,https://localhost:56247/admin/structure/block/manage/react_hello_site_branding?destination=%2Fadmin%2Fstructure%2Fblock,1693827941,1b8270,200
62d66e,172.26.0.1,GET,https://localhost:56247/admin/structure/block/manage/react_hello_site_branding?destination=%2Fadmin%2Fstructure%2Fblock,1693827941,1b8270,200
6bfa56,172.26.0.1,GET,https://localhost:56247/admin/structure/block/manage/react_hello_site_branding?destination=%2Fadmin%2Fstructure%2Fblock,1693827941,1b8270,200
7f54fa,172.26.0.1,GET,https://localhost:56247/admin/structure/block/manage/react_hello_site_branding?destination=%2Fadmin%2Fstructure%2Fblock,1693827941,1b8270,200
981b27,172.26.0.1,GET,https://localhost:56247/admin/structure/block/manage/react_hello_site_branding?destination=%2Fadmin%2Fstructure%2Fblock,1693827941,1b8270,200
e5d4eb,172.26.0.1,GET,https://localhost:56247/admin/structure/block/manage/react_hello_site_branding?destination=%2Fadmin%2Fstructure%2Fblock,1693827941,1b8270,200
0030f6,172.26.0.1,GET,https://localhost:56247/admin/structure/block/manage/react_hello_site_branding?destination=%2Fadmin%2Fstructure%2Fblock,1693827941,1b8270,200
b5f0c8,172.26.0.1,GET,https://localhost:56247/admin/structure/block/manage/react_hello_site_branding?destination=%2Fadmin%2Fstructure%2Fblock,1693827941,1b8270,200
e183d9,172.26.0.1,GET,https://localhost:56247/admin/structure/block/manage/react_hello_site_branding?destination=%2Fadmin%2Fstructure%2Fblock,1693827941,1b8270,200
b3e1fe,172.26.0.1,GET,https://localhost:56247/admin/structure/block/manage/react_hello_site_branding?destination=%2Fadmin%2Fstructure%2Fblock,1693827941,1b8270,200
915072,172.26.0.1,GET,https://localhost:56247/admin/appearance/settings,1693827947,915072,200
c0a401,172.26.0.1,GET,https://localhost:56247/admin/appearance/settings,1693827947,915072,200
e145b7,172.26.0.1,GET,https://localhost:56247/admin/appearance/settings,1693827947,915072,200
ac6206,172.26.0.1,GET,https://localhost:56247/admin/appearance/settings,1693827947,915072,200
dbbf94,172.26.0.1,GET,https://localhost:56247/admin/appearance/settings,1693827947,915072,200
888439,172.26.0.1,GET,https://localhost:56247/admin/appearance/settings,1693827947,915072,200
aef7d0,172.26.0.1,GET,https://localhost:56247/admin/appearance/settings,1693827947,915072,200
d06654,172.26.0.1,GET,https://localhost:56247/admin/appearance/settings,1693827947,915072,200
76f95c,172.26.0.1,GET,https://localhost:56247/admin/appearance/settings,1693827947,915072,200
63bc03,172.26.0.1,GET,https://localhost:56247/admin/appearance/settings,1693827947,915072,200
6b9480,172.26.0.1,GET,https://localhost:56247/admin/appearance/settings,1693827947,915072,200
6b7336,172.26.0.1,GET,https://localhost:56247/admin/appearance/settings,1693827947,915072,200
86ebde,172.26.0.1,POST,https://localhost:56247/admin/structure/block/manage/react_hello_site_branding?destination=%2Fadmin%2Fstructure%2Fblock,1693828011,86ebde,303
6a2780,172.26.0.1,GET,https://localhost:56247/admin/structure/block,1693828011,6a2780,200
e13dea,172.26.0.1,GET,https://localhost:56247/admin/structure/block,1693828011,6a2780,200
ff4890,172.26.0.1,GET,https://localhost:56247/admin/structure/block,1693828011,6a2780,200
8cb9d1,172.26.0.1,GET,https://localhost:56247/admin/structure/block,1693828012,6a2780,200
b8e8b0,172.26.0.1,GET,https://localhost:56247/admin/structure/block,1693828012,6a2780,200
d6db7f,172.26.0.1,GET,https://localhost:56247/admin/structure/block,1693828012,6a2780,200
92cb25,172.26.0.1,GET,https://localhost:56247/admin/structure/block,1693828012,6a2780,200
1d92fa,172.26.0.1,GET,https://localhost:56247/admin/structure/block,1693828012,6a2780,200
7bbbd3,172.26.0.1,GET,https://localhost:56247/admin/structure/block,1693828012,6a2780,200
574735,172.26.0.1,GET,https://localhost:56247/admin/structure/block,1693828012,6a2780,200
58774c,172.26.0.1,GET,https://localhost:56247/admin/structure/block,1693828012,6a2780,200
224cd4,172.26.0.1,GET,https://localhost:56247/admin/structure/block,1693828012,6a2780,200
c2aaea,172.26.0.1,GET,https://localhost:56247/admin/structure/block,1693828012,6a2780,200
ae5ea8,172.26.0.1,GET,https://localhost:56247/admin/structure/block,1693828012,6a2780,200
96629e,172.26.0.1,GET,https://localhost:56247/admin/structure/block,1693828012,6a2780,200
c94717,172.26.0.1,GET,https://localhost:56247/admin/structure/block,1693828012,6a2780,200
9aa69c,172.26.0.1,GET,https://localhost:56247/admin/structure/block,1693828012,6a2780,200
3c5919,172.26.0.1,GET,https://localhost:56247/admin/structure/block,1693828012,6a2780,200
5f1ba7,172.26.0.1,GET,https://localhost:56247/admin/structure/block,1693828012,6a2780,200
749d8d,172.26.0.1,GET,https://localhost:56247/admin/structure/block,1693828012,6a2780,200
0daa9a,172.26.0.1,GET,https://localhost:56247/admin/structure/block,1693828012,6a2780,200
57a59a,172.26.0.1,GET,https://localhost:56247/admin/structure/block,1693828012,6a2780,200
751264,172.26.0.1,GET,https://localhost:56247/admin/structure/block,1693828013,6a2780,200
464fe1,172.26.0.1,GET,https://localhost:56247/admin/structure/block,1693828013,6a2780,200
623953,172.26.0.1,GET,https://localhost:56247/admin/structure/block,1693828013,6a2780,200
759e8a,172.26.0.1,GET,https://localhost:56247/,1693828013,759e8a,200
f2b0b8,172.26.0.1,GET,https://localhost:56247/admin/structure/block,1693828013,6a2780,200
27f06d,172.26.0.1,GET,https://localhost:56247/,1693828013,759e8a,200
732e00,172.26.0.1,GET,https://localhost:56247/,1693828013,759e8a,200
ec127f,172.26.0.1,GET,https://localhost:56247/admin/structure/block,1693828013,6a2780,200
f9c706,172.26.0.1,GET,https://localhost:56247/,1693828014,759e8a,200
1f5692,172.26.0.1,GET,https://localhost:56247/admin/structure/block,1693828013,6a2780,200
7e49fc,172.26.0.1,GET,https://localhost:56247/,1693828014,759e8a,200
65b5bd,172.26.0.1,GET,https://localhost:56247/,1693828014,759e8a,200
aa0487,172.26.0.1,GET,https://localhost:56247/,1693828014,759e8a,200
07b2ab,172.26.0.1,GET,https://localhost:56247/admin/structure,1693828016,07b2ab,200
3d51de,172.26.0.1,GET,https://localhost:56247/admin/structure,1693828016,07b2ab,200
0069fe,172.26.0.1,GET,https://localhost:56247/admin/structure,1693828017,07b2ab,200
c08b83,172.26.0.1,GET,https://localhost:56247/admin/structure,1693828017,07b2ab,200
95b466,172.26.0.1,GET,https://localhost:56247/admin/structure,1693828017,07b2ab,200
35a4d0,172.26.0.1,GET,https://localhost:56247/admin/structure,1693828017,07b2ab,200
2341a9,172.26.0.1,GET,https://localhost:56247/admin/structure,1693828017,07b2ab,200
cda815,172.26.0.1,GET,https://localhost:56247/admin/structure,1693828017,07b2ab,200
4e0b35,172.26.0.1,GET,https://localhost:56247/admin/structure/block,1693828023,4e0b35,200
6e55c2,172.26.0.1,GET,https://localhost:56247/admin/structure/block,1693828023,4e0b35,200
a50d4c,172.26.0.1,GET,https://localhost:56247/admin/structure/block,1693828023,4e0b35,200
03fc29,172.26.0.1,GET,https://localhost:56247/admin/structure/block,1693828023,4e0b35,200
24c551,172.26.0.1,GET,https://localhost:56247/admin/structure/block,1693828023,4e0b35,200
7da204,172.26.0.1,GET,https://localhost:56247/admin/structure/block,1693828023,4e0b35,200
41da02,172.26.0.1,GET,https://localhost:56247/admin/structure/block,1693828023,4e0b35,200
5b6404,172.26.0.1,GET,https://localhost:56247/admin/structure/block,1693828023,4e0b35,200
930418,172.26.0.1,GET,https://localhost:56247/admin/structure/block,1693828023,4e0b35,200
48ab9d,172.26.0.1,GET,https://localhost:56247/admin/structure/block,1693828023,4e0b35,200
dd2185,172.26.0.1,GET,https://localhost:56247/admin/structure/block,1693828023,4e0b35,200
c9ac8d,172.26.0.1,GET,https://localhost:56247/admin/structure/block,1693828023,4e0b35,200
51aa24,172.26.0.1,GET,https://localhost:56247/admin/structure/block,1693828024,4e0b35,200
e0be14,172.26.0.1,GET,https://localhost:56247/admin/structure/block,1693828024,4e0b35,200
2a2b82,172.26.0.1,GET,https://localhost:56247/admin/structure/block,1693828024,4e0b35,200
21cbff,172.26.0.1,GET,https://localhost:56247/admin/structure/block,1693828024,4e0b35,200
5fa7a4,172.26.0.1,GET,https://localhost:56247/admin/structure/block,1693828024,4e0b35,200
953644,172.26.0.1,GET,https://localhost:56247/admin/structure/block,1693828024,4e0b35,200
c75692,172.26.0.1,GET,https://localhost:56247/admin/structure/block,1693828024,4e0b35,200
f8ff59,172.26.0.1,GET,https://localhost:56247/admin/structure/block,1693828024,4e0b35,200
01ba69,172.26.0.1,GET,https://localhost:56247/admin/structure/block,1693828024,4e0b35,200
7fd415,172.26.0.1,GET,https://localhost:56247/admin/structure/block,1693828024,4e0b35,200
8a7467,172.26.0.1,GET,https://localhost:56247/admin/structure/block,1693828024,4e0b35,200
85298b,172.26.0.1,GET,https://localhost:56247/admin/structure/block,1693828024,4e0b35,200
47fdaf,172.26.0.1,GET,https://localhost:56247/admin/structure/block,1693828024,4e0b35,200
b6367a,172.26.0.1,GET,https://localhost:56247/admin/structure/block,1693828024,4e0b35,200
efaef0,172.26.0.1,GET,https://localhost:56247/admin/structure/block,1693828024,4e0b35,200
19f6cd,172.26.0.1,GET,https://localhost:56247/admin/structure/block,1693828024,4e0b35,200
